<?xml version="1.0" encoding="UTF-8"?>
<beans xmlns:mvc="http://www.springframework.org/schema/mvc"
	xmlns:xsi="http://www.w3.org/2001/XMLSchema-instance" xmlns="http://www.springframework.org/schema/beans"
	xmlns:context="http://www.springframework.org/schema/context" xmlns:tx="http://www.springframework.org/schema/tx"
	xsi:schemaLocation="http://www.springframework.org/schema/mvc http://www.springframework.org/schema/mvc/spring-mvc.xsd
		http://www.springframework.org/schema/beans http://www.springframework.org/schema/beans/spring-beans.xsd
		http://www.springframework.org/schema/tx http://www.springframework.org/schema/tx/spring-tx.xsd
		http://www.springframework.org/schema/context http://www.springframework.org/schema/context/spring-context.xsd">
<mvc:annotation-driven />

	 <context:component-scan base-package="com.bankmanagement"/> 
	<!-- <context:component-scan base-package="com.bankmanagement.service"/>
	<context:component-scan base-package="com.bankmanagement.vo"/>
	<context:component-scan base-package="com.bankmanagement.controller"/> 
	<context:component-scan base-package="com.bankmanagement.dao"/> -->
	<bean
		class="org.springframework.web.servlet.view.InternalResourceViewResolver">
		<property name="prefix" value="/WEB-INF/jsp/" />
		<property name="suffix" value=".jsp" />
	</bean>

	<bean id="messageSource"
		class="org.springframework.context.support.ReloadableResourceBundleMessageSource">
		<property name="basename" value="classpath:message" />
		<property name="defaultEncoding" value="UTF-8" />
	</bean>

     <bean id="dataSource" class="org.springframework.jdbc.datasource.DriverManagerDataSource">
         <property name="driverClassName" value="com.mysql.jdbc.Driver"/>
        <property name="url" value="jdbc:mysql://localhost:3306/bms"/>
        <property name="username" value="root"/>
        <property name="password" value="password-1"/>
    </bean>	

	<bean id="sessionFactory"
		class="org.springframework.orm.hibernate4.LocalSessionFactoryBean">
		<property name="dataSource" ref="dataSource" />
		<property name="configLocation" value="classpath:hibernate.cfg.xml" />		
	</bean>
	
	 <tx:annotation-driven/> 
	 <bean id="transactionManager"
        class="org.springframework.orm.hibernate4.HibernateTransactionManager">
        <property name="sessionFactory" ref="sessionFactory" />
    </bean>
<!--<tx:annotation-driven transaction-manager="hibernateTransactionManager"/>
	
	<bean id="hibernateTransactionManager"
		class="org.springframework.orm.hibernate4.HibernateTransactionManager">
		<property name="sessionFactory" ref="sessionFactory" />
	</bean>  -->	
</beans> 
